#NAME	Kingdom	Phylum	Class	Order	Family	Genus	Species
ASV_35	Bacteria	Proteobacteria	Gammaproteobacteria	Pseudomonadales	Pseudomonadaceae	Pseudomonas	NA
ASV_62	Bacteria	Actinobacteriota	Actinobacteria	Actinomycetales	Actinomycetaceae	Actinomyces	johnsonii
ASV_129	Bacteria	Actinobacteriota	Actinobacteria	Frankiales	NA	NA	NA
ASV_167	Bacteria	Cyanobacteria	Cyanobacteriia	Cyanobacteriales	Chroococcidiopsaceae	NA	NA
ASV_175	Bacteria	Actinobacteriota	Actinobacteria	Pseudonocardiales	Pseudonocardiaceae	Pseudonocardia	NA
ASV_223	Bacteria	Proteobacteria	Gammaproteobacteria	Burkholderiales	Oxalobacteraceae	Massilia	NA
ASV_233	Bacteria	Firmicutes	Bacilli	Lactobacillales	Streptococcaceae	Streptococcus	NA
ASV_237	Bacteria	Bacteroidota	Rhodothermia	Rhodothermales	Rhodothermaceae	Rubrivirga	NA
ASV_242	Bacteria	Proteobacteria	Gammaproteobacteria	Pseudomonadales	Moraxellaceae	Enhydrobacter	aerosaccus
ASV_248	Bacteria	Actinobacteriota	Actinobacteria	Frankiales	Nakamurellaceae	Nakamurella	NA
ASV_257	Bacteria	Proteobacteria	Gammaproteobacteria	Pseudomonadales	Moraxellaceae	Acinetobacter	lwoffii
ASV_258	Bacteria	Proteobacteria	Alphaproteobacteria	Acetobacterales	Acetobacteraceae	Acidiphilium	NA
ASV_262	Bacteria	Deinococcota	Deinococci	Deinococcales	Trueperaceae	Truepera	NA
ASV_265	Bacteria	Actinobacteriota	Actinobacteria	Frankiales	Nakamurellaceae	Nakamurella	NA
ASV_271	Bacteria	Actinobacteriota	Actinobacteria	Propionibacteriales	Nocardioidaceae	Nocardioides	NA
ASV_279	Bacteria	Actinobacteriota	Actinobacteria	Frankiales	NA	NA	NA
ASV_280	Bacteria	Proteobacteria	Gammaproteobacteria	Burkholderiales	Oxalobacteraceae	Undibacterium	NA
ASV_281	Bacteria	Cyanobacteria	Cyanobacteriia	Chloroplast	NA	NA	NA
ASV_296	Bacteria	Actinobacteriota	Actinobacteria	Frankiales	NA	NA	NA
ASV_301	Bacteria	Proteobacteria	Alphaproteobacteria	Sphingomonadales	Sphingomonadaceae	Sphingomonas	NA
ASV_307	Bacteria	Proteobacteria	Alphaproteobacteria	Acetobacterales	Acetobacteraceae	Craurococcus-Caldovatus	NA
ASV_320	Bacteria	Firmicutes	Bacilli	Lactobacillales	Streptococcaceae	Streptococcus	mitis
ASV_326	Bacteria	Proteobacteria	Gammaproteobacteria	Pseudomonadales	Pseudomonadaceae	Pseudomonas	NA
ASV_333	Bacteria	Proteobacteria	Alphaproteobacteria	Rickettsiales	Mitochondria	NA	NA
ASV_334	Bacteria	Actinobacteriota	Actinobacteria	Micrococcales	Micrococcaceae	Micrococcus	NA
ASV_337	Bacteria	Cyanobacteria	Cyanobacteriia	Cyanobacteriales	Nostocaceae	Scytonema UTEX 2349	NA
ASV_345	Bacteria	Proteobacteria	Gammaproteobacteria	Pseudomonadales	Moraxellaceae	Enhydrobacter	NA
ASV_354	Bacteria	Proteobacteria	Gammaproteobacteria	Burkholderiales	Comamonadaceae	Variovorax	NA
ASV_357	Bacteria	Firmicutes	Bacilli	Lactobacillales	Streptococcaceae	Streptococcus	NA
ASV_395	Bacteria	Firmicutes	Bacilli	Lactobacillales	Lactobacillaceae	Lactobacillus	crispatus
ASV_403	Bacteria	Firmicutes	Bacilli	Lactobacillales	Streptococcaceae	Lactococcus	lactis
ASV_406	Bacteria	Proteobacteria	Gammaproteobacteria	Burkholderiales	Oxalobacteraceae	Massilia	alkalitolerans
ASV_423	Bacteria	Firmicutes	Bacilli	Lactobacillales	Carnobacteriaceae	Dolosigranulum	pigrum
ASV_437	Bacteria	Cyanobacteria	Cyanobacteriia	Cyanobacteriales	Chroococcidiopsaceae	NA	NA
ASV_439	Bacteria	Proteobacteria	Alphaproteobacteria	Sphingomonadales	Sphingomonadaceae	Sphingorhabdus	NA
ASV_440	Bacteria	Actinobacteriota	Actinobacteria	Frankiales	Nakamurellaceae	Nakamurella	NA
ASV_447	Bacteria	Actinobacteriota	Actinobacteria	Corynebacteriales	Corynebacteriaceae	Corynebacterium	gottingense
ASV_448	Bacteria	Proteobacteria	Gammaproteobacteria	Pseudomonadales	Moraxellaceae	Acinetobacter	NA
ASV_451	Bacteria	Proteobacteria	Gammaproteobacteria	Burkholderiales	Neisseriaceae	Neisseria	NA
ASV_452	Bacteria	Actinobacteriota	Actinobacteria	Propionibacteriales	Propionibacteriaceae	Friedmanniella	NA
ASV_455	Bacteria	Bacteroidota	Bacteroidia	Flavobacteriales	Weeksellaceae	Cloacibacterium	NA
ASV_458	Bacteria	Cyanobacteria	Cyanobacteriia	Cyanobacteriales	NA	NA	NA
ASV_462	Bacteria	Actinobacteriota	Actinobacteria	Micrococcales	Intrasporangiaceae	Aquipuribacter	NA
ASV_478	Bacteria	Proteobacteria	Alphaproteobacteria	Sphingomonadales	Sphingomonadaceae	Sphingomonas	NA
ASV_489	Bacteria	Actinobacteriota	Actinobacteria	Micrococcales	Intrasporangiaceae	Humibacillus	NA
ASV_490	Bacteria	Actinobacteriota	Actinobacteria	Kineosporiales	Kineosporiaceae	Quadrisphaera	NA
ASV_491	Bacteria	Proteobacteria	Alphaproteobacteria	Sphingomonadales	Sphingomonadaceae	Sphingomonas	jaspsi
ASV_494	Bacteria	Actinobacteriota	Actinobacteria	Micrococcales	Micrococcaceae	Micrococcus	luteus
ASV_496	Bacteria	Actinobacteriota	Actinobacteria	Micrococcales	Micrococcaceae	Kocuria	rosea
ASV_503	Bacteria	Actinobacteriota	Actinobacteria	Propionibacteriales	Nocardioidaceae	Nocardioides	NA
ASV_504	Bacteria	Deinococcota	Deinococci	Deinococcales	Deinococcaceae	Deinococcus	NA
ASV_514	Bacteria	Firmicutes	Bacilli	Staphylococcales	Staphylococcaceae	Staphylococcus	NA
ASV_515	Bacteria	Bacteroidota	Bacteroidia	Flavobacteriales	Weeksellaceae	Chryseobacterium	NA
ASV_518	Bacteria	Firmicutes	Bacilli	Staphylococcales	Staphylococcaceae	Staphylococcus	NA
ASV_519	Bacteria	Proteobacteria	Gammaproteobacteria	Burkholderiales	Oxalobacteraceae	Noviherbaspirillum	suwonense
ASV_528	Bacteria	Actinobacteriota	Actinobacteria	Micrococcales	AKAU3644	NA	NA
ASV_537	Bacteria	Actinobacteriota	Actinobacteria	Micrococcales	Microbacteriaceae	Microbacterium	NA
ASV_541	Bacteria	Cyanobacteria	Cyanobacteriia	Oxyphotobacteria Incertae Sedis	Unknown Family	Leptolyngbya ANT.L52.2	NA
ASV_549	Bacteria	Firmicutes	Bacilli	Staphylococcales	Staphylococcaceae	Staphylococcus	hominis
ASV_567	Bacteria	Cyanobacteria	Cyanobacteriia	Cyanobacteriales	Chroococcidiopsaceae	NA	NA
ASV_569	Bacteria	Proteobacteria	Alphaproteobacteria	Sphingomonadales	Sphingomonadaceae	Sphingobium	NA
ASV_584	Bacteria	Proteobacteria	Gammaproteobacteria	Pseudomonadales	Moraxellaceae	Acinetobacter	NA
ASV_588	Bacteria	Proteobacteria	Gammaproteobacteria	Pseudomonadales	Pseudomonadaceae	Pseudomonas	NA
ASV_602	Bacteria	Actinobacteriota	Actinobacteria	Propionibacteriales	Nocardioidaceae	Marmoricola	NA
ASV_606	Bacteria	Actinobacteriota	Actinobacteria	Actinomycetales	Actinomycetaceae	NA	NA
ASV_613	Bacteria	Proteobacteria	Alphaproteobacteria	Acetobacterales	Acetobacteraceae	Craurococcus-Caldovatus	NA
ASV_630	Bacteria	Actinobacteriota	Actinobacteria	Pseudonocardiales	Pseudonocardiaceae	Pseudonocardia	NA
ASV_632	Bacteria	Firmicutes	Bacilli	Staphylococcales	Gemellaceae	Gemella	haemolysans
ASV_634	Bacteria	Cyanobacteria	Cyanobacteriia	Cyanobacteriales	Chroococcidiopsaceae	NA	NA
ASV_637	Bacteria	Actinobacteriota	Actinobacteria	Frankiales	Nakamurellaceae	Nakamurella	NA
ASV_639	Bacteria	Actinobacteriota	Actinobacteria	Micrococcales	Brevibacteriaceae	Brevibacterium	NA
ASV_668	Bacteria	Actinobacteriota	Actinobacteria	Micrococcales	Micrococcaceae	Kocuria	carniphila
ASV_676	Bacteria	Proteobacteria	Alphaproteobacteria	Rhodobacterales	Rhodobacteraceae	Falsirhodobacter	NA
ASV_683	Bacteria	Actinobacteriota	Actinobacteria	Corynebacteriales	Corynebacteriaceae	Corynebacterium	NA
ASV_687	Bacteria	Cyanobacteria	Cyanobacteriia	Cyanobacteriales	Chroococcidiopsaceae	NA	NA
ASV_693	Bacteria	Cyanobacteria	Cyanobacteriia	Chloroplast	NA	NA	NA
ASV_707	Bacteria	Actinobacteriota	Actinobacteria	Propionibacteriales	Propionibacteriaceae	Friedmanniella	NA
ASV_711	Bacteria	Actinobacteriota	Actinobacteria	Micrococcales	Dermacoccaceae	Dermacoccus	nishinomiyaensis
ASV_731	Bacteria	Actinobacteriota	Actinobacteria	Corynebacteriales	Corynebacteriaceae	Corynebacterium	NA
ASV_744	Bacteria	Actinobacteriota	Actinobacteria	Propionibacteriales	Nocardioidaceae	Nocardioides	NA
ASV_745	Bacteria	Actinobacteriota	Actinobacteria	Propionibacteriales	Propionibacteriaceae	Cutibacterium	NA
ASV_749	Bacteria	Cyanobacteria	Cyanobacteriia	Chloroplast	NA	NA	NA
ASV_761	Bacteria	Proteobacteria	Alphaproteobacteria	Caulobacterales	Caulobacteraceae	Brevundimonas	nasdae
ASV_764	Bacteria	Proteobacteria	Gammaproteobacteria	Pseudomonadales	Moraxellaceae	Enhydrobacter	NA
ASV_765	Bacteria	Firmicutes	Bacilli	Lactobacillales	Streptococcaceae	Streptococcus	sanguinis
ASV_773	Bacteria	Actinobacteriota	Actinobacteria	Propionibacteriales	Propionibacteriaceae	Friedmanniella	NA
ASV_778	Bacteria	Proteobacteria	Gammaproteobacteria	Pasteurellales	Pasteurellaceae	Haemophilus	parainfluenzae
ASV_791	Bacteria	Proteobacteria	Alphaproteobacteria	Sphingomonadales	Sphingomonadaceae	Sphingopyxis	NA
ASV_794	Bacteria	Proteobacteria	Alphaproteobacteria	Rhizobiales	Beijerinckiaceae	NA	NA
ASV_810	Bacteria	Actinobacteriota	Actinobacteria	Corynebacteriales	Corynebacteriaceae	Corynebacterium	thomssenii
ASV_820	Bacteria	Deinococcota	Deinococci	Deinococcales	Trueperaceae	Truepera	NA
ASV_822	Bacteria	Proteobacteria	Alphaproteobacteria	Rhizobiales	Beijerinckiaceae	Methylobacterium-Methylorubrum	NA
ASV_824	Bacteria	Proteobacteria	Alphaproteobacteria	Sphingomonadales	Sphingomonadaceae	Novosphingobium	NA
ASV_825	Bacteria	Firmicutes	Bacilli	Lactobacillales	Carnobacteriaceae	Dolosigranulum	pigrum
ASV_837	Bacteria	Actinobacteriota	Actinobacteria	Corynebacteriales	Corynebacteriaceae	Corynebacterium	fournieri
ASV_846	Bacteria	Actinobacteriota	Actinobacteria	Micrococcales	Brevibacteriaceae	Brevibacterium	NA
ASV_850	Bacteria	Actinobacteriota	Actinobacteria	Corynebacteriales	Corynebacteriaceae	Corynebacterium	mucifaciens
ASV_855	Bacteria	Bacteroidota	Bacteroidia	Cytophagales	Spirosomaceae	Spirosoma	NA
ASV_864	Bacteria	Actinobacteriota	Actinobacteria	Frankiales	Geodermatophilaceae	Modestobacter	NA
ASV_866	Bacteria	Firmicutes	Bacilli	Staphylococcales	Staphylococcaceae	Staphylococcus	epidermidis
ASV_867	Bacteria	Proteobacteria	Alphaproteobacteria	Rhizobiales	Beijerinckiaceae	Methylobacterium-Methylorubrum	NA
ASV_869	Bacteria	Actinobacteriota	Actinobacteria	Micrococcales	Micrococcaceae	Kocuria	carniphila
ASV_879	Bacteria	Cyanobacteria	Cyanobacteriia	Chloroplast	NA	NA	NA
ASV_880	Bacteria	Firmicutes	Bacilli	Staphylococcales	Staphylococcaceae	Staphylococcus	hominis
ASV_894	Bacteria	Actinobacteriota	Actinobacteria	Corynebacteriales	Corynebacteriaceae	Corynebacterium	NA
ASV_895	Bacteria	Bacteroidota	Bacteroidia	Cytophagales	Hymenobacteraceae	Hymenobacter	NA
ASV_897	Bacteria	Proteobacteria	Gammaproteobacteria	Pseudomonadales	Moraxellaceae	Enhydrobacter	NA
ASV_900	Bacteria	Actinobacteriota	Actinobacteria	Micrococcales	Intrasporangiaceae	Knoellia	NA
ASV_904	Bacteria	Proteobacteria	Gammaproteobacteria	Burkholderiales	Oxalobacteraceae	Massilia	NA
ASV_906	Bacteria	Acidobacteriota	Blastocatellia	Blastocatellales	Blastocatellaceae	Blastocatella	NA
ASV_909	Bacteria	Proteobacteria	Alphaproteobacteria	Rhizobiales	Beijerinckiaceae	Methylobacterium-Methylorubrum	NA
ASV_922	Bacteria	Cyanobacteria	Cyanobacteriia	Cyanobacteriales	Chroococcidiopsaceae	Aliterella	NA
ASV_929	Bacteria	Firmicutes	Bacilli	Lactobacillales	Streptococcaceae	Lactococcus	lactis
ASV_935	Bacteria	Cyanobacteria	Cyanobacteriia	Cyanobacteriales	Chroococcidiopsaceae	Aliterella	NA
ASV_949	Bacteria	Actinobacteriota	Actinobacteria	Micrococcales	Intrasporangiaceae	Lapillicoccus	NA
ASV_950	Bacteria	Proteobacteria	Gammaproteobacteria	Pseudomonadales	Pseudomonadaceae	Pseudomonas	massiliensis
ASV_958	Bacteria	Proteobacteria	Alphaproteobacteria	Sphingomonadales	Sphingomonadaceae	Sphingomonas	hankookensis
ASV_964	Bacteria	Cyanobacteria	Cyanobacteriia	Cyanobacteriales	Chroococcidiopsaceae	Aliterella	NA
ASV_975	Bacteria	Actinobacteriota	Actinobacteria	Propionibacteriales	Nocardioidaceae	Nocardioides	NA
ASV_980	Bacteria	Actinobacteriota	Actinobacteria	Propionibacteriales	Nocardioidaceae	Marmoricola	NA
ASV_999	Bacteria	Proteobacteria	Alphaproteobacteria	Sphingomonadales	Sphingomonadaceae	Sphingomonas	NA
ASV_1010	Bacteria	Proteobacteria	Alphaproteobacteria	Rhodobacterales	Rhodobacteraceae	Amaricoccus	NA
ASV_1012	Bacteria	Proteobacteria	Alphaproteobacteria	Rhizobiales	Beijerinckiaceae	NA	NA
ASV_1018	Bacteria	Actinobacteriota	Actinobacteria	Propionibacteriales	Nocardioidaceae	Nocardioides	NA
ASV_1035	Bacteria	Proteobacteria	Alphaproteobacteria	Sphingomonadales	Sphingomonadaceae	Sphingomonas	NA
ASV_1040	Bacteria	Proteobacteria	Gammaproteobacteria	Burkholderiales	Oxalobacteraceae	Duganella	zoogloeoides
ASV_1042	Bacteria	Cyanobacteria	Cyanobacteriia	Cyanobacteriales	Nostocaceae	Petalonema ANT.LG2.8	NA
ASV_1047	Bacteria	Proteobacteria	Alphaproteobacteria	Sphingomonadales	Sphingomonadaceae	Sphingopyxis	NA
ASV_1053	Bacteria	Cyanobacteria	Cyanobacteriia	Cyanobacteriales	Chroococcidiopsaceae	NA	NA
ASV_1062	Bacteria	Proteobacteria	Alphaproteobacteria	Rhizobiales	Devosiaceae	Devosia	submarina
ASV_1091	Bacteria	Actinobacteriota	Actinobacteria	Actinomycetales	Actinomycetaceae	Actinomyces	NA
ASV_1118	Bacteria	Proteobacteria	Gammaproteobacteria	Burkholderiales	Methylophilaceae	Methylophilus	NA
ASV_1124	Bacteria	Actinobacteriota	Actinobacteria	Pseudonocardiales	Pseudonocardiaceae	Pseudonocardia	NA
ASV_1133	Bacteria	Actinobacteriota	Actinobacteria	Propionibacteriales	Nocardioidaceae	Marmoricola	NA
ASV_1136	Bacteria	Proteobacteria	Gammaproteobacteria	Burkholderiales	Oxalobacteraceae	Massilia	NA
ASV_1142	Bacteria	Proteobacteria	Gammaproteobacteria	Pseudomonadales	Moraxellaceae	Acinetobacter	lwoffii
ASV_1146	Bacteria	Bacteroidota	Bacteroidia	Cytophagales	Hymenobacteraceae	Hymenobacter	NA
ASV_1154	Bacteria	Proteobacteria	Alphaproteobacteria	Sphingomonadales	Sphingomonadaceae	NA	NA
ASV_1161	Bacteria	Proteobacteria	Gammaproteobacteria	Burkholderiales	Burkholderiaceae	Limnobacter	thiooxidans
ASV_1170	Bacteria	Proteobacteria	Alphaproteobacteria	Acetobacterales	Acetobacteraceae	Roseomonas	NA
ASV_1171	Bacteria	Proteobacteria	Gammaproteobacteria	Burkholderiales	Alcaligenaceae	Alcaligenes	NA
ASV_1194	Bacteria	Actinobacteriota	Actinobacteria	Micrococcales	Intrasporangiaceae	Aquipuribacter	NA
ASV_1200	Bacteria	Actinobacteriota	Actinobacteria	Actinomycetales	Actinomycetaceae	Actinomyces	NA
ASV_1210	Bacteria	Proteobacteria	Alphaproteobacteria	Rhizobiales	Rhizobiaceae	Allorhizobium-Neorhizobium-Pararhizobium-Rhizobium	NA
ASV_1218	Bacteria	Actinobacteriota	Actinobacteria	Propionibacteriales	Propionibacteriaceae	NA	NA
ASV_1223	Bacteria	Actinobacteriota	Actinobacteria	Micrococcales	Intrasporangiaceae	Knoellia	NA
ASV_1238	Bacteria	Proteobacteria	Alphaproteobacteria	Rhizobiales	Hyphomicrobiaceae	Hyphomicrobium	denitrificans
ASV_1240	Bacteria	Proteobacteria	Alphaproteobacteria	Rhizobiales	Beijerinckiaceae	Psychroglaciecola	NA
ASV_1247	Bacteria	Actinobacteriota	Actinobacteria	Corynebacteriales	Corynebacteriaceae	Corynebacterium	NA
ASV_1263	Bacteria	Bacteroidota	Bacteroidia	Cytophagales	Hymenobacteraceae	Hymenobacter	NA
ASV_1266	Bacteria	Cyanobacteria	Cyanobacteriia	Cyanobacteriales	Nostocaceae	Calothrix PCC-6303	NA
ASV_1283	Bacteria	Proteobacteria	Alphaproteobacteria	Rhizobiales	Beijerinckiaceae	Methylobacterium-Methylorubrum	NA
ASV_1285	Bacteria	Proteobacteria	Gammaproteobacteria	Burkholderiales	Alcaligenaceae	Pigmentiphaga	NA
ASV_1287	Bacteria	Proteobacteria	Gammaproteobacteria	Enterobacterales	Hafniaceae	Hafnia-Obesumbacterium	NA
ASV_1294	Bacteria	Proteobacteria	Gammaproteobacteria	Pseudomonadales	Moraxellaceae	Enhydrobacter	NA
ASV_1301	Bacteria	Cyanobacteria	Cyanobacteriia	Cyanobacteriales	Nostocaceae	Calothrix PCC-6303	NA
ASV_1312	Bacteria	Actinobacteriota	Actinobacteria	Propionibacteriales	Propionibacteriaceae	Friedmanniella	NA
ASV_1321	Bacteria	Proteobacteria	Alphaproteobacteria	Sphingomonadales	Sphingomonadaceae	Sphingomonas	NA
ASV_1323	Bacteria	Proteobacteria	Alphaproteobacteria	Sphingomonadales	Sphingomonadaceae	Sphingopyxis	NA
ASV_1335	Bacteria	Proteobacteria	Gammaproteobacteria	Pseudomonadales	Moraxellaceae	Moraxella	lincolnii
ASV_1341	Bacteria	Actinobacteriota	Actinobacteria	Micrococcales	Microbacteriaceae	Leucobacter	aridicollis
ASV_1348	Bacteria	Proteobacteria	Alphaproteobacteria	Sphingomonadales	Sphingomonadaceae	Rhizorhapis	NA
ASV_1357	Bacteria	Proteobacteria	Alphaproteobacteria	Sphingomonadales	Sphingomonadaceae	Rhizorhapis	NA
ASV_1373	Bacteria	Actinobacteriota	Actinobacteria	Pseudonocardiales	Pseudonocardiaceae	Actinomycetospora	NA
ASV_1387	Bacteria	Actinobacteriota	Actinobacteria	Propionibacteriales	Nocardioidaceae	Nocardioides	NA
ASV_1391	Bacteria	Proteobacteria	Alphaproteobacteria	Sphingomonadales	Sphingomonadaceae	Sphingorhabdus	NA
ASV_1392	Bacteria	Actinobacteriota	Actinobacteria	Propionibacteriales	Nocardioidaceae	Nocardioides	NA
ASV_1397	Bacteria	Actinobacteriota	Actinobacteria	Frankiales	Nakamurellaceae	Nakamurella	NA
ASV_1420	Bacteria	Actinobacteriota	Actinobacteria	Propionibacteriales	Nocardioidaceae	Marmoricola	NA
ASV_1421	Bacteria	Actinobacteriota	Actinobacteria	Propionibacteriales	Nocardioidaceae	Nocardioides	NA
ASV_1428	Bacteria	Cyanobacteria	Cyanobacteriia	Cyanobacteriales	Chroococcidiopsaceae	NA	NA
ASV_1431	Bacteria	Bacteroidota	Rhodothermia	Rhodothermales	Rhodothermaceae	Rubrivirga	NA
ASV_1435	Bacteria	Proteobacteria	Alphaproteobacteria	Sphingomonadales	Sphingomonadaceae	NA	NA
ASV_1443	Bacteria	Proteobacteria	Gammaproteobacteria	Burkholderiales	Comamonadaceae	Rhizobacter	NA
ASV_1446	Bacteria	Firmicutes	Bacilli	Lactobacillales	Streptococcaceae	Streptococcus	NA
ASV_1454	Bacteria	Proteobacteria	Alphaproteobacteria	Sphingomonadales	Sphingomonadaceae	Rhizorhapis	NA
ASV_1458	Bacteria	Proteobacteria	Gammaproteobacteria	Burkholderiales	Comamonadaceae	Curvibacter	NA
ASV_1492	Bacteria	Actinobacteriota	Actinobacteria	Micrococcales	NA	NA	NA
ASV_1493	Bacteria	Firmicutes	Clostridia	Peptostreptococcales-Tissierellales	Anaerococcus	NA	NA
ASV_1494	Bacteria	Actinobacteriota	Actinobacteria	Micrococcales	Microbacteriaceae	Microbacterium	NA
ASV_1509	Bacteria	Actinobacteriota	Actinobacteria	Micrococcales	Intrasporangiaceae	Intrasporangium	NA
ASV_1510	Bacteria	Proteobacteria	Alphaproteobacteria	Sphingomonadales	Sphingomonadaceae	Novosphingobium	NA
ASV_1512	Bacteria	Actinobacteriota	Actinobacteria	Corynebacteriales	Corynebacteriaceae	Corynebacterium	NA
ASV_1514	Bacteria	Proteobacteria	Alphaproteobacteria	Rhodobacterales	Rhodobacteraceae	NA	NA
ASV_1535	Bacteria	Proteobacteria	Alphaproteobacteria	Sphingomonadales	Sphingomonadaceae	NA	NA
ASV_1538	Bacteria	Myxococcota	Polyangia	Polyangiales	Polyangiaceae	Pajaroellobacter	NA
ASV_1549	Bacteria	Actinobacteriota	Actinobacteria	Propionibacteriales	Nocardioidaceae	Nocardioides	NA
ASV_1553	Bacteria	Bacteroidota	Bacteroidia	Cytophagales	Spirosomaceae	Spirosoma	NA
ASV_1559	Bacteria	Firmicutes	Bacilli	Staphylococcales	Staphylococcaceae	Staphylococcus	epidermidis
ASV_1563	Bacteria	Actinobacteriota	Rubrobacteria	Rubrobacterales	Rubrobacteriaceae	Rubrobacter	NA
ASV_1579	Bacteria	Actinobacteriota	Actinobacteria	Propionibacteriales	Nocardioidaceae	Nocardioides	NA
ASV_1582	Bacteria	Actinobacteriota	Actinobacteria	Micrococcales	Dermabacteraceae	Brachybacterium	NA
ASV_1594	Bacteria	Actinobacteriota	Actinobacteria	Corynebacteriales	Nocardiaceae	Rhodococcus	NA
ASV_1605	Bacteria	Actinobacteriota	Actinobacteria	Propionibacteriales	Propionibacteriaceae	Propioniciclava	NA
ASV_1611	Bacteria	Actinobacteriota	Actinobacteria	Micrococcales	Microbacteriaceae	Microbacterium	NA
ASV_1636	Bacteria	Actinobacteriota	Thermoleophilia	Gaiellales	NA	NA	NA
ASV_1653	Bacteria	Campilobacterota	Campylobacteria	Campylobacterales	Helicobacteraceae	Helicobacter	pullorum
ASV_1681	Bacteria	Proteobacteria	Alphaproteobacteria	Rhizobiales	Beijerinckiaceae	Bosea	NA
ASV_1692	Bacteria	Firmicutes	Bacilli	Bacillales	Bacillaceae	Bacillus	NA
ASV_1695	Bacteria	Actinobacteriota	Actinobacteria	Corynebacteriales	Corynebacteriaceae	Turicella	NA
ASV_1706	Bacteria	Actinobacteriota	Actinobacteria	Micrococcales	Dermacoccaceae	Dermacoccus	barathri
ASV_1720	Bacteria	Proteobacteria	Gammaproteobacteria	Burkholderiales	Comamonadaceae	NA	NA
ASV_1728	Bacteria	Actinobacteriota	Actinobacteria	Propionibacteriales	Propionibacteriaceae	Cutibacterium	NA
ASV_1767	Bacteria	Actinobacteriota	Actinobacteria	Micrococcales	Intrasporangiaceae	Tetrasphaera	NA
ASV_1769	Bacteria	Proteobacteria	Alphaproteobacteria	Sphingomonadales	Sphingomonadaceae	NA	NA
ASV_1772	Bacteria	Proteobacteria	Gammaproteobacteria	Burkholderiales	Oxalobacteraceae	Massilia	NA
ASV_1792	Bacteria	Abditibacteriota	Abditibacteria	Abditibacteriales	Abditibacteriaceae	Abditibacterium	NA
ASV_1810	Bacteria	Deinococcota	Deinococci	Deinococcales	Deinococcaceae	Deinococcus	NA
ASV_1817	Bacteria	Proteobacteria	Gammaproteobacteria	Pseudomonadales	Moraxellaceae	Acinetobacter	NA
ASV_1823	Bacteria	Actinobacteriota	Actinobacteria	Corynebacteriales	Corynebacteriaceae	Corynebacterium	NA
ASV_1862	Bacteria	Actinobacteriota	Actinobacteria	Frankiales	NA	NA	NA
ASV_1893	Bacteria	Actinobacteriota	Actinobacteria	Corynebacteriales	Corynebacteriaceae	Corynebacterium	NA
ASV_1901	Bacteria	Actinobacteriota	Actinobacteria	Micrococcales	Microbacteriaceae	Microbacterium	NA
ASV_1909	Bacteria	NA	NA	NA	NA	NA	NA
ASV_1930	Bacteria	Proteobacteria	Alphaproteobacteria	Sphingomonadales	Sphingomonadaceae	Rhizorhapis	NA
ASV_1945	Bacteria	Actinobacteriota	Actinobacteria	Corynebacteriales	Corynebacteriaceae	Corynebacterium	simulans
ASV_1983	Bacteria	Proteobacteria	Gammaproteobacteria	Enterobacterales	Erwiniaceae	Erwinia	rhapontici
ASV_2010	Bacteria	Proteobacteria	Gammaproteobacteria	Cellvibrionales	Cellvibrionaceae	Cellvibrio	NA
ASV_2044	Bacteria	Actinobacteriota	Actinobacteria	Corynebacteriales	Mycobacteriaceae	Mycobacterium	NA
ASV_2063	Bacteria	Actinobacteriota	Actinobacteria	Propionibacteriales	Propionibacteriaceae	Propionimicrobium	lymphophilum
ASV_2083	Bacteria	Proteobacteria	Gammaproteobacteria	Burkholderiales	Neisseriaceae	Neisseria	NA
ASV_2089	Bacteria	Actinobacteriota	Actinobacteria	Corynebacteriales	Corynebacteriaceae	Corynebacterium	NA
ASV_2098	Bacteria	Actinobacteriota	Actinobacteria	Propionibacteriales	Nocardioidaceae	Marmoricola	NA
ASV_2133	Bacteria	Cyanobacteria	Cyanobacteriia	Cyanobacteriales	Chroococcidiopsaceae	NA	NA
ASV_2141	Bacteria	Proteobacteria	Alphaproteobacteria	Acetobacterales	Acetobacteraceae	Acidiphilium	NA
ASV_2155	Bacteria	Proteobacteria	Alphaproteobacteria	Caulobacterales	Caulobacteraceae	Brevundimonas	NA
ASV_2158	Bacteria	Proteobacteria	Alphaproteobacteria	Sphingomonadales	Sphingomonadaceae	Sphingopyxis	NA
ASV_2163	Bacteria	Firmicutes	Clostridia	Peptostreptococcales-Tissierellales	Anaerococcus	NA	NA
ASV_2193	Bacteria	Actinobacteriota	Actinobacteria	Propionibacteriales	Nocardioidaceae	Marmoricola	scoriae
ASV_2212	Bacteria	Myxococcota	Polyangia	Polyangiales	Phaselicystidaceae	Phaselicystis	NA
ASV_2217	Bacteria	Proteobacteria	Gammaproteobacteria	Enterobacterales	Morganellaceae	Candidatus Blochmannia	NA
ASV_2218	Bacteria	Actinobacteriota	Actinobacteria	Corynebacteriales	Nocardiaceae	Rhodococcus	NA
ASV_2227	Bacteria	Firmicutes	Bacilli	Staphylococcales	Gemellaceae	Gemella	NA
ASV_2239	Bacteria	Proteobacteria	Alphaproteobacteria	Sphingomonadales	Sphingomonadaceae	Sphingomonas	NA
ASV_2244	Bacteria	Actinobacteriota	Actinobacteria	Frankiales	NA	NA	NA
ASV_2262	Bacteria	Bacteroidota	Bacteroidia	Cytophagales	Hymenobacteraceae	Hymenobacter	NA
ASV_2267	Bacteria	Actinobacteriota	Actinobacteria	Corynebacteriales	Corynebacteriaceae	Corynebacterium	NA
ASV_2292	Bacteria	Proteobacteria	Gammaproteobacteria	Burkholderiales	Comamonadaceae	Ideonella	NA
ASV_2351	Bacteria	Actinobacteriota	Actinobacteria	Frankiales	Nakamurellaceae	Nakamurella	NA
ASV_2399	Bacteria	Firmicutes	Clostridia	Oscillospirales	Ruminococcaceae	Subdoligranulum	NA
ASV_2414	Bacteria	Proteobacteria	Gammaproteobacteria	Oceanospirillales	Marinomonadaceae	Marinomonas	NA
ASV_2423	Bacteria	Actinobacteriota	Actinobacteria	Propionibacteriales	Nocardioidaceae	Marmoricola	NA
ASV_2441	Bacteria	Bacteroidota	Bacteroidia	Flavobacteriales	Flavobacteriaceae	Capnocytophaga	granulosa
ASV_2462	Bacteria	Proteobacteria	Alphaproteobacteria	Sphingomonadales	Sphingomonadaceae	Sphingomonas	NA
ASV_2472	Bacteria	Actinobacteriota	Actinobacteria	Propionibacteriales	Nocardioidaceae	Nocardioides	NA
ASV_2476	Bacteria	Bacteroidota	Bacteroidia	Cytophagales	Hymenobacteraceae	Hymenobacter	NA
ASV_2568	Bacteria	Proteobacteria	Gammaproteobacteria	Burkholderiales	Comamonadaceae	Methylibium	NA
ASV_2596	Bacteria	Actinobacteriota	Actinobacteria	Propionibacteriales	Nocardioidaceae	Nocardioides	NA
ASV_2603	Bacteria	Proteobacteria	Alphaproteobacteria	Acetobacterales	Acetobacteraceae	Roseomonas	NA
ASV_2649	Bacteria	Actinobacteriota	Actinobacteria	Corynebacteriales	Corynebacteriaceae	Corynebacterium	NA
ASV_2718	Bacteria	Cyanobacteria	Cyanobacteriia	Cyanobacteriales	Phormidiaceae	Tychonema CCAP 1459-11B	NA
ASV_2803	Bacteria	Actinobacteriota	Actinobacteria	Propionibacteriales	Nocardioidaceae	Nocardioides	NA
ASV_2840	Bacteria	Actinobacteriota	Actinobacteria	Corynebacteriales	Mycobacteriaceae	Mycobacterium	NA
ASV_2850	Bacteria	Acidobacteriota	Blastocatellia	Blastocatellales	Blastocatellaceae	Blastocatella	NA
ASV_2869	Bacteria	Deinococcota	Deinococci	Deinococcales	Deinococcaceae	Deinococcus	NA
ASV_2884	Bacteria	Actinobacteriota	Actinobacteria	Micrococcales	Intrasporangiaceae	Knoellia	locipacati
ASV_2950	Bacteria	Actinobacteriota	Actinobacteria	Propionibacteriales	Propionibacteriaceae	Cutibacterium	avidum
ASV_2961	Bacteria	Firmicutes	Bacilli	Lactobacillales	Streptococcaceae	Streptococcus	sanguinis
ASV_2969	Bacteria	Firmicutes	Bacilli	Lactobacillales	Streptococcaceae	Streptococcus	NA
ASV_2994	Bacteria	Actinobacteriota	Actinobacteria	Propionibacteriales	Nocardioidaceae	Nocardioides	NA
ASV_3098	Bacteria	Proteobacteria	Gammaproteobacteria	Burkholderiales	Comamonadaceae	Hydrogenophaga	pseudoflava
ASV_3119	Bacteria	Actinobacteriota	Actinobacteria	Actinomycetales	Actinomycetaceae	F0332	NA
ASV_3123	Bacteria	Actinobacteriota	Actinobacteria	Corynebacteriales	Corynebacteriaceae	Corynebacterium	NA
ASV_3427	Bacteria	Bacteroidota	Bacteroidia	Cytophagales	Hymenobacteraceae	Hymenobacter	NA
ASV_3449	Bacteria	Chloroflexi	Chloroflexia	Thermomicrobiales	JG30-KF-CM45	NA	NA
ASV_3547	Bacteria	Firmicutes	Bacilli	Staphylococcales	Staphylococcaceae	Staphylococcus	NA
ASV_3629	Bacteria	Actinobacteriota	Actinobacteria	Micrococcales	NA	NA	NA
ASV_3696	Bacteria	Firmicutes	Bacilli	Lactobacillales	Streptococcaceae	Streptococcus	NA
ASV_3730	Bacteria	Actinobacteriota	Actinobacteria	Propionibacteriales	Nocardioidaceae	Nocardioides	NA
ASV_3853	Bacteria	Bacteroidota	Bacteroidia	Bacteroidales	Bacteroidaceae	Bacteroides	NA
ASV_4070	Bacteria	Actinobacteriota	Actinobacteria	Streptosporangiales	Nocardiopsaceae	Nocardiopsis	NA
ASV_4115	Bacteria	Proteobacteria	Alphaproteobacteria	Sphingomonadales	Sphingomonadaceae	Qipengyuania	NA
ASV_4149	Bacteria	Proteobacteria	Alphaproteobacteria	Acetobacterales	Acetobacteraceae	Acidiphilium	NA
ASV_4209	Bacteria	Actinobacteriota	Actinobacteria	Propionibacteriales	Propionibacteriaceae	Microlunatus	NA
ASV_4254	Bacteria	Proteobacteria	Alphaproteobacteria	Rhizobiales	Beijerinckiaceae	Methylobacterium-Methylorubrum	NA
ASV_4639	Bacteria	Firmicutes	Clostridia	Lachnospirales	Lachnospiraceae	Roseburia	faecis
ASV_5722	Bacteria	Firmicutes	Clostridia	Peptostreptococcales-Tissierellales	Peptostreptococcaceae	Terrisporobacter	NA
ASV_6641	Bacteria	Proteobacteria	Alphaproteobacteria	Rhodobacterales	Rhodobacteraceae	Amaricoccus	NA
